{"cameraMode":{"drawMode":0,"name":"Shaded","section":"Shading Mode"},"sceneLighting":false,"audioPlay":false,"sceneViewState":{"m_AlwaysRefresh":false,"showFog":true,"showSkybox":false,"showFlares":true,"showImageEffects":true,"showParticleSystems":true,"showVisualEffectGraphs":true,"m_FxEnabled":true},"in2DMode":false,"pivot":{"x":-0.024745821952819825,"y":-0.07459056377410889,"z":0.0046120285987854},"rotation":{"x":-0.0033098754938691856,"y":-0.0009034187532961369,"z":3.6941403891432858e-7,"w":-0.9999900460243225},"size":1.0716211795806885,"orthographic":false}