{"cameraMode":{"drawMode":0,"name":"Shaded","section":"Shading Mode"},"sceneLighting":false,"audioPlay":false,"sceneViewState":{"m_AlwaysRefresh":false,"showFog":true,"showSkybox":false,"showFlares":true,"showImageEffects":true,"showParticleSystems":true,"showVisualEffectGraphs":true,"m_FxEnabled":true},"in2DMode":false,"pivot":{"x":-0.09281647205352783,"y":-0.0888974666595459,"z":0.06660842895507813},"rotation":{"x":0.016188431531190873,"y":0.008096939884126187,"z":0.0001403257338097319,"w":-0.9998501539230347},"size":2.706145763397217,"orthographic":false}