{"cameraMode":{"drawMode":0,"name":"Shaded","section":"Shading Mode"},"sceneLighting":false,"audioPlay":false,"sceneViewState":{"m_AlwaysRefresh":false,"showFog":true,"showSkybox":false,"showFlares":true,"showImageEffects":true,"showParticleSystems":true,"showVisualEffectGraphs":true,"m_FxEnabled":true},"in2DMode":false,"pivot":{"x":55.01130294799805,"y":-10.076150894165039,"z":-0.0005238577723503113},"rotation":{"x":-0.03779872506856918,"y":0.009589300490915776,"z":-0.0003647487610578537,"w":-0.9992338418960571},"size":19.9500732421875,"orthographic":false}