{"cameraMode":{"drawMode":0,"name":"Shaded","section":"Shading Mode"},"sceneLighting":false,"audioPlay":false,"sceneViewState":{"m_AlwaysRefresh":false,"showFog":true,"showSkybox":false,"showFlares":true,"showImageEffects":true,"showParticleSystems":true,"showVisualEffectGraphs":true,"m_FxEnabled":true},"in2DMode":false,"pivot":{"x":0.1572016477584839,"y":0.5638155341148377,"z":0.1319078803062439},"rotation":{"x":0.03565803915262222,"y":-0.036871735006570819,"z":-0.0013205925934016705,"w":-0.9986785650253296},"size":1.2124357223510743,"orthographic":false}