{"cameraMode":{"drawMode":0,"name":"Shaded","section":"Shading Mode"},"sceneLighting":false,"audioPlay":false,"sceneViewState":{"m_AlwaysRefresh":false,"showFog":true,"showSkybox":false,"showFlares":true,"showImageEffects":true,"showParticleSystems":true,"showVisualEffectGraphs":true,"m_FxEnabled":true},"in2DMode":false,"pivot":{"x":49.862831115722659,"y":-6.617982864379883,"z":-9.92087459564209},"rotation":{"x":-0.02279370091855526,"y":0.03507928177714348,"z":-0.0007994732004590333,"w":-0.9991147518157959},"size":5.5431318283081059,"orthographic":false}